product_title,price_usd,seller_name,seller_location,stock_level,image_url,review_score,shipping_origin,sales_rank,grey_risk_flag
iPhone 15 Pro Max 256GB,899,TechHubStore,USA,Low (5 left),https://ex.com/img1.jpg,4.2,China,1200,High
Sony WH-1000XM5,250,GlobalDeals,India,High,https://ex.com/img2.jpg,3.8,UAE,450,Medium
Rolex Submariner,7500,LuxuryHub,Turkey,Out of Stock,https://ex.com/img3.jpg,1.5,Turkey,89,High
US E-comm Q2 2025 Total,304200000000,US Census Bureau,USA,N/A,N/A,N/A,Domestic+Import,1,Low
Retail Total Q2 2025,1865400000000,US Census Bureau,USA,N/A,N/A,N/A,USA,1,Low
Electronics Imports 2025,15000000000,USITC DataWeb,Global,High,N/A,N/A,China+Others,50,Medium
Electronics Product 1,4193,GovVerifiedSeller0,EU,Low,https://ex.com/img.jpg,1.4,India,8955,Low
Electronics Product 2,69,GovVerifiedSeller1,USA,High,https://ex.com/img.jpg,1.5,China,8625,Low
Electronics Product 3,2871,GovVerifiedSeller2,EU,Low,https://ex.com/img.jpg,1.3,USA,5334,Low
Electronics Product 4,2717,GovVerifiedSeller3,EU,High,https://ex.com/img.jpg,1.0,China,9247,High
Electronics Product 5,1235,GovVerifiedSeller4,USA,High,https://ex.com/img.jpg,4.5,USA,2452,High
Electronics Product 6,4391,GovVerifiedSeller5,USA,Out of Stock,https://ex.com/img.jpg,4.8,India,8241,High
Electronics Product 7,4541,GovVerifiedSeller6,EU,Out of Stock,https://ex.com/img.jpg,4.9,USA,8102,Medium
Electronics Product 8,1603,GovVerifiedSeller7,Asia,Out of Stock,https://ex.com/img.jpg,4.9,China,3616,Medium
Electronics Product 9,1938,GovVerifiedSeller8,EU,High,https://ex.com/img.jpg,2.3,China,4745,High
Electronics Product 10,476,GovVerifiedSeller9,USA,Out of Stock,https://ex.com/img.jpg,2.5,China,8909,High
Electronics Product 11,3842,GovVerifiedSeller10,USA,High,https://ex.com/img.jpg,3.4,USA,7315,High
Electronics Product 12,4011,GovVerifiedSeller11,USA,High,https://ex.com/img.jpg,2.9,India,267,Low
Electronics Product 13,1096,GovVerifiedSeller12,Asia,Out of Stock,https://ex.com/img.jpg,2.6,China,4317,High
Electronics Product 14,4469,GovVerifiedSeller13,USA,High,https://ex.com/img.jpg,4.0,India,5501,Low
Electronics Product 15,3407,GovVerifiedSeller14,EU,Low,https://ex.com/img.jpg,2.0,India,4324,High
Electronics Product 16,1354,GovVerifiedSeller15,EU,Low,https://ex.com/img.jpg,2.6,USA,4953,Low
Electronics Product 17,3234,GovVerifiedSeller16,USA,Out of Stock,https://ex.com/img.jpg,3.0,China,9357,Medium
Electronics Product 18,3069,GovVerifiedSeller17,Asia,High,https://ex.com/img.jpg,3.5,India,2057,High
Electronics Product 19,613,GovVerifiedSeller18,EU,High,https://ex.com/img.jpg,2.4,India,6108,Medium
Electronics Product 20,3520,GovVerifiedSeller19,USA,Out of Stock,https://ex.com/img.jpg,2.7,India,3543,High
Electronics Product 21,4172,GovVerifiedSeller20,EU,Low,https://ex.com/img.jpg,2.6,India,1550,High
Electronics Product 22,3418,GovVerifiedSeller21,USA,High,https://ex.com/img.jpg,4.6,USA,4554,Medium
Electronics Product 23,4821,GovVerifiedSeller22,Asia,Low,https://ex.com/img.jpg,4.7,USA,2339,Low
Electronics Product 24,3595,GovVerifiedSeller23,Asia,Low,https://ex.com/img.jpg,2.6,India,7874,Low
Electronics Product 25,2387,GovVerifiedSeller24,Asia,Out of Stock,https://ex.com/img.jpg,2.3,China,6467,Medium
Electronics Product 26,212,GovVerifiedSeller25,USA,Low,https://ex.com/img.jpg,2.0,India,9628,Low
Electronics Product 27,406,GovVerifiedSeller26,USA,High,https://ex.com/img.jpg,1.9,India,254,Medium
Electronics Product 28,1125,GovVerifiedSeller27,USA,Low,https://ex.com/img.jpg,3.2,China,5962,High
Electronics Product 29,1209,GovVerifiedSeller28,EU,Out of Stock,https://ex.com/img.jpg,3.2,USA,3175,High
Electronics Product 30,2046,GovVerifiedSeller29,USA,Low,https://ex.com/img.jpg,1.1,USA,5763,High
Electronics Product 31,423,GovVerifiedSeller30,EU,High,https://ex.com/img.jpg,1.8,India,4987,Low
Electronics Product 32,921,GovVerifiedSeller31,USA,Low,https://ex.com/img.jpg,1.2,India,4872,High
Electronics Product 33,1608,GovVerifiedSeller32,Asia,High,https://ex.com/img.jpg,1.9,China,2250,Medium
Electronics Product 34,2455,GovVerifiedSeller33,EU,Low,https://ex.com/img.jpg,1.1,China,5526,Low
Electronics Product 35,2621,GovVerifiedSeller34,USA,Out of Stock,https://ex.com/img.jpg,1.9,China,8418,Low
Electronics Product 36,319,GovVerifiedSeller35,Asia,High,https://ex.com/img.jpg,3.6,USA,3605,High
Electronics Product 37,4195,GovVerifiedSeller36,USA,Low,https://ex.com/img.jpg,1.0,India,1268,Low
Electronics Product 38,3964,GovVerifiedSeller37,USA,Low,https://ex.com/img.jpg,2.3,USA,3050,Medium
Electronics Product 39,1708,GovVerifiedSeller38,USA,Out of Stock,https://ex.com/img.jpg,3.8,India,4642,Low
Electronics Product 40,187,GovVerifiedSeller39,USA,Low,https://ex.com/img.jpg,3.3,India,1026,Low
Electronics Product 41,4623,GovVerifiedSeller40,Asia,Out of Stock,https://ex.com/img.jpg,1.8,India,7197,Low
Electronics Product 42,2738,GovVerifiedSeller41,Asia,Out of Stock,https://ex.com/img.jpg,1.7,USA,3741,High
Electronics Product 43,381,GovVerifiedSeller42,Asia,High,https://ex.com/img.jpg,2.8,China,2742,Medium
Electronics Product 44,2903,GovVerifiedSeller43,USA,High,https://ex.com/img.jpg,3.9,India,6686,High
Electronics Product 45,736,GovVerifiedSeller44,Asia,Out of Stock,https://ex.com/img.jpg,4.7,India,6694,Medium
Electronics Product 46,4944,GovVerifiedSeller45,Asia,High,https://ex.com/img.jpg,4.2,India,9859,High
Electronics Product 47,621,GovVerifiedSeller46,USA,High,https://ex.com/img.jpg,3.6,USA,4738,Low
Electronics Product 48,1763,GovVerifiedSeller47,USA,High,https://ex.com/img.jpg,3.0,China,5834,Medium
Electronics Product 49,4222,GovVerifiedSeller48,USA,High,https://ex.com/img.jpg,2.2,India,7796,Medium
Electronics Product 50,2031,GovVerifiedSeller49,Asia,Low,https://ex.com/img.jpg,3.0,China,1157,Medium
Electronics Product 51,4774,GovVerifiedSeller50,Asia,High,https://ex.com/img.jpg,1.5,China,6016,Low
Electronics Product 52,1229,GovVerifiedSeller51,Asia,High,https://ex.com/img.jpg,4.0,USA,1199,Low
Electronics Product 53,2969,GovVerifiedSeller52,EU,Low,https://ex.com/img.jpg,3.7,USA,9909,Low
Electronics Product 54,4675,GovVerifiedSeller53,Asia,High,https://ex.com/img.jpg,4.5,India,7137,Medium
Electronics Product 55,4888,GovVerifiedSeller54,USA,High,https://ex.com/img.jpg,4.3,India,2798,High
Electronics Product 56,2353,GovVerifiedSeller55,Asia,High,https://ex.com/img.jpg,2.5,USA,6451,High
Electronics Product 57,404,GovVerifiedSeller56,Asia,High,https://ex.com/img.jpg,2.0,USA,168,Low
Electronics Product 58,3770,GovVerifiedSeller57,Asia,High,https://ex.com/img.jpg,2.8,USA,8105,Low
Electronics Product 59,64,GovVerifiedSeller58,EU,Low,https://ex.com/img.jpg,2.8,India,7353,Medium
Electronics Product 60,2638,GovVerifiedSeller59,EU,Out of Stock,https://ex.com/img.jpg,3.3,China,6824,Low
Electronics Product 61,1086,GovVerifiedSeller60,EU,High,https://ex.com/img.jpg,4.5,USA,6469,Low
Electronics Product 62,3040,GovVerifiedSeller61,USA,Out of Stock,https://ex.com/img.jpg,2.8,China,5046,Low
Electronics Product 63,2669,GovVerifiedSeller62,USA,Out of Stock,https://ex.com/img.jpg,4.5,China,2315,High
Electronics Product 64,227,GovVerifiedSeller63,USA,High,https://ex.com/img.jpg,4.9,USA,4785,Medium
Electronics Product 65,2548,GovVerifiedSeller64,EU,Out of Stock,https://ex.com/img.jpg,2.2,China,1294,High
Electronics Product 66,4506,GovVerifiedSeller65,EU,Out of Stock,https://ex.com/img.jpg,3.4,India,7268,Low
Electronics Product 67,2976,GovVerifiedSeller66,Asia,Low,https://ex.com/img.jpg,3.4,China,701,Low
Electronics Product 68,964,GovVerifiedSeller67,USA,High,https://ex.com/img.jpg,3.4,USA,4834,Low
Electronics Product 69,2242,GovVerifiedSeller68,EU,Out of Stock,https://ex.com/img.jpg,3.6,USA,5958,High
Electronics Product 70,1137,GovVerifiedSeller69,EU,Out of Stock,https://ex.com/img.jpg,3.4,USA,6891,High
Electronics Product 71,1958,GovVerifiedSeller70,Asia,Low,https://ex.com/img.jpg,4.5,USA,513,Medium
Electronics Product 72,3128,GovVerifiedSeller71,EU,High,https://ex.com/img.jpg,3.2,India,9539,High
Electronics Product 73,4354,GovVerifiedSeller72,Asia,High,https://ex.com/img.jpg,3.6,China,3194,Low
Electronics Product 74,1637,GovVerifiedSeller73,EU,High,https://ex.com/img.jpg,2.0,USA,4196,Medium
Electronics Product 75,2820,GovVerifiedSeller74,USA,High,https://ex.com/img.jpg,1.2,India,4982,Low
Electronics Product 76,1580,GovVerifiedSeller75,EU,Out of Stock,https://ex.com/img.jpg,1.5,India,1428,High
Electronics Product 77,1952,GovVerifiedSeller76,EU,Out of Stock,https://ex.com/img.jpg,3.3,China,9421,Medium
Electronics Product 78,1854,GovVerifiedSeller77,EU,High,https://ex.com/img.jpg,4.2,China,6863,Low
Electronics Product 79,1098,GovVerifiedSeller78,Asia,High,https://ex.com/img.jpg,1.0,India,281,Low
Electronics Product 80,3118,GovVerifiedSeller79,Asia,Low,https://ex.com/img.jpg,1.8,India,4247,High
Electronics Product 81,4290,GovVerifiedSeller80,USA,High,https://ex.com/img.jpg,1.4,USA,9961,Medium
Electronics Product 82,308,GovVerifiedSeller81,USA,Low,https://ex.com/img.jpg,4.4,India,1919,High
Electronics Product 83,4610,GovVerifiedSeller82,USA,Low,https://ex.com/img.jpg,3.9,India,5739,High
Electronics Product 84,3856,GovVerifiedSeller83,USA,Low,https://ex.com/img.jpg,1.5,USA,5788,High
Electronics Product 85,3545,GovVerifiedSeller84,USA,Out of Stock,https://ex.com/img.jpg,2.9,India,7725,Low
Electronics Product 86,2179,GovVerifiedSeller85,USA,Low,https://ex.com/img.jpg,4.8,USA,2965,High
Electronics Product 87,4774,GovVerifiedSeller86,Asia,Out of Stock,https://ex.com/img.jpg,1.5,China,296,Low
Electronics Product 88,3566,GovVerifiedSeller87,USA,High,https://ex.com/img.jpg,3.4,China,8640,Low
Electronics Product 89,4818,GovVerifiedSeller88,EU,Out of Stock,https://ex.com/img.jpg,1.4,USA,5892,Medium
Electronics Product 90,650,GovVerifiedSeller89,USA,Low,https://ex.com/img.jpg,1.5,China,8075,Medium
Electronics Product 91,2030,GovVerifiedSeller90,USA,Low,https://ex.com/img.jpg,3.6,India,1258,Medium
Electronics Product 92,2283,GovVerifiedSeller91,Asia,High,https://ex.com/img.jpg,4.1,USA,4830,Low
Electronics Product 93,1189,GovVerifiedSeller92,EU,Low,https://ex.com/img.jpg,2.0,India,8894,Medium
Electronics Product 94,179,GovVerifiedSeller93,Asia,Low,https://ex.com/img.jpg,4.9,USA,7243,Low
Electronics Product 95,1403,GovVerifiedSeller94,Asia,High,https://ex.com/img.jpg,1.1,China,6031,High
Electronics Product 96,1425,GovVerifiedSeller95,Asia,Low,https://ex.com/img.jpg,1.2,India,968,High
Electronics Product 97,2387,GovVerifiedSeller96,USA,Low,https://ex.com/img.jpg,4.3,USA,9731,Low
Electronics Product 98,2866,GovVerifiedSeller97,Asia,Low,https://ex.com/img.jpg,2.4,USA,4400,Low
Electronics Product 99,2111,GovVerifiedSeller98,USA,Out of Stock,https://ex.com/img.jpg,1.5,China,3677,High
Electronics Product 100,566,GovVerifiedSeller99,EU,High,https://ex.com/img.jpg,1.7,China,2694,Medium
Electronics Product 101,821,GovVerifiedSeller100,USA,Low,https://ex.com/img.jpg,3.6,India,1536,Low
Electronics Product 102,1617,GovVerifiedSeller101,Asia,Out of Stock,https://ex.com/img.jpg,1.9,China,7049,High
Electronics Product 103,2647,GovVerifiedSeller102,Asia,Out of Stock,https://ex.com/img.jpg,1.1,China,5653,High
Electronics Product 104,875,GovVerifiedSeller103,EU,High,https://ex.com/img.jpg,1.8,USA,1399,Low
Electronics Product 105,1341,GovVerifiedSeller104,Asia,Low,https://ex.com/img.jpg,1.4,China,8303,Medium
Electronics Product 106,1312,GovVerifiedSeller105,EU,High,https://ex.com/img.jpg,2.5,USA,2653,Medium
Electronics Product 107,1017,GovVerifiedSeller106,Asia,Low,https://ex.com/img.jpg,1.9,China,4719,Low
Electronics Product 108,2616,GovVerifiedSeller107,Asia,Low,https://ex.com/img.jpg,4.7,China,8078,High
Electronics Product 109,2009,GovVerifiedSeller108,Asia,Out of Stock,https://ex.com/img.jpg,2.8,India,2608,Medium
Electronics Product 110,1678,GovVerifiedSeller109,USA,Low,https://ex.com/img.jpg,3.7,China,6834,Medium
Electronics Product 111,3787,GovVerifiedSeller110,EU,Low,https://ex.com/img.jpg,2.8,USA,7172,Medium
Electronics Product 112,130,GovVerifiedSeller111,EU,High,https://ex.com/img.jpg,1.5,USA,4340,Medium
Electronics Product 113,631,GovVerifiedSeller112,USA,Low,https://ex.com/img.jpg,1.4,USA,1285,High
Electronics Product 114,4201,GovVerifiedSeller113,Asia,Out of Stock,https://ex.com/img.jpg,2.7,India,718,Low
Electronics Product 115,480,GovVerifiedSeller114,EU,High,https://ex.com/img.jpg,2.1,China,5583,High
Electronics Product 116,841,GovVerifiedSeller115,EU,Out of Stock,https://ex.com/img.jpg,2.7,China,7785,Low
Electronics Product 117,1224,GovVerifiedSeller116,EU,Low,https://ex.com/img.jpg,3.8,China,9056,Low
Electronics Product 118,422,GovVerifiedSeller117,Asia,High,https://ex.com/img.jpg,1.7,India,3247,Medium
Electronics Product 119,4068,GovVerifiedSeller118,EU,Out of Stock,https://ex.com/img.jpg,2.5,India,833,Low
Electronics Product 120,1576,GovVerifiedSeller119,EU,High,https://ex.com/img.jpg,4.0,India,3429,Medium
Electronics Product 121,4070,GovVerifiedSeller120,Asia,High,https://ex.com/img.jpg,3.6,USA,1040,Medium
Electronics Product 122,3734,GovVerifiedSeller121,USA,High,https://ex.com/img.jpg,4.4,India,7263,Low
Electronics Product 123,4637,GovVerifiedSeller122,USA,Out of Stock,https://ex.com/img.jpg,3.6,India,6487,High
Electronics Product 124,105,GovVerifiedSeller123,USA,Out of Stock,https://ex.com/img.jpg,3.1,India,1357,Low
Electronics Product 125,752,GovVerifiedSeller124,Asia,High,https://ex.com/img.jpg,4.0,USA,1754,High
Electronics Product 126,1433,GovVerifiedSeller125,Asia,High,https://ex.com/img.jpg,2.9,India,9342,High
Electronics Product 127,214,GovVerifiedSeller126,EU,High,https://ex.com/img.jpg,4.4,USA,2917,Medium
Electronics Product 128,1195,GovVerifiedSeller127,EU,Low,https://ex.com/img.jpg,4.4,China,3070,Medium
Electronics Product 129,1294,GovVerifiedSeller128,Asia,High,https://ex.com/img.jpg,3.6,India,580,Low
Electronics Product 130,3464,GovVerifiedSeller129,EU,High,https://ex.com/img.jpg,2.9,India,7424,Low
Electronics Product 131,2999,GovVerifiedSeller130,EU,Low,https://ex.com/img.jpg,4.0,USA,3508,High
Electronics Product 132,1018,GovVerifiedSeller131,EU,High,https://ex.com/img.jpg,3.3,China,9697,Low
Electronics Product 133,2726,GovVerifiedSeller132,EU,Out of Stock,https://ex.com/img.jpg,3.9,India,2623,Medium
Electronics Product 134,825,GovVerifiedSeller133,EU,High,https://ex.com/img.jpg,4.9,China,7252,High
Electronics Product 135,2372,GovVerifiedSeller134,USA,High,https://ex.com/img.jpg,3.2,India,2287,High
Electronics Product 136,4712,GovVerifiedSeller135,USA,High,https://ex.com/img.jpg,2.8,USA,5160,Medium
Electronics Product 137,185,GovVerifiedSeller136,USA,Out of Stock,https://ex.com/img.jpg,1.1,India,7393,Medium
Electronics Product 138,2318,GovVerifiedSeller137,EU,Low,https://ex.com/img.jpg,2.4,USA,1370,Medium
Electronics Product 139,2756,GovVerifiedSeller138,Asia,Low,https://ex.com/img.jpg,1.2,India,2818,Low
Electronics Product 140,1758,GovVerifiedSeller139,USA,Low,https://ex.com/img.jpg,3.3,USA,750,Low
Electronics Product 141,2784,GovVerifiedSeller140,Asia,Low,https://ex.com/img.jpg,4.8,India,3306,Low
Electronics Product 142,378,GovVerifiedSeller141,Asia,Low,https://ex.com/img.jpg,4.8,China,1053,Low
Electronics Product 143,4158,GovVerifiedSeller142,EU,Out of Stock,https://ex.com/img.jpg,3.1,China,3749,High
Electronics Product 144,3993,GovVerifiedSeller143,EU,Low,https://ex.com/img.jpg,1.9,USA,5877,High
Electronics Product 145,4525,GovVerifiedSeller144,USA,Out of Stock,https://ex.com/img.jpg,4.0,India,6222,High
Electronics Product 146,2979,GovVerifiedSeller145,EU,High,https://ex.com/img.jpg,1.1,China,3674,Medium
Electronics Product 147,793,GovVerifiedSeller146,EU,High,https://ex.com/img.jpg,4.3,USA,4226,Medium
Electronics Product 148,724,GovVerifiedSeller147,EU,High,https://ex.com/img.jpg,3.4,USA,6725,High
Electronics Product 149,3174,GovVerifiedSeller148,Asia,Out of Stock,https://ex.com/img.jpg,4.3,India,661,High
Electronics Product 150,3579,GovVerifiedSeller149,USA,Out of Stock,https://ex.com/img.jpg,2.5,USA,6344,Low
Electronics Product 151,4009,GovVerifiedSeller150,EU,Low,https://ex.com/img.jpg,2.2,USA,5423,High
Electronics Product 152,1450,GovVerifiedSeller151,USA,Low,https://ex.com/img.jpg,3.2,USA,8320,Low
Electronics Product 153,3244,GovVerifiedSeller152,USA,Out of Stock,https://ex.com/img.jpg,2.4,China,1084,High
Electronics Product 154,4706,GovVerifiedSeller153,Asia,Out of Stock,https://ex.com/img.jpg,3.9,China,8258,Medium
Electronics Product 155,377,GovVerifiedSeller154,Asia,High,https://ex.com/img.jpg,1.5,USA,497,Medium
Electronics Product 156,488,GovVerifiedSeller155,USA,High,https://ex.com/img.jpg,3.5,China,246,Low
Electronics Product 157,4670,GovVerifiedSeller156,EU,Low,https://ex.com/img.jpg,3.3,China,5497,Low
Electronics Product 158,2896,GovVerifiedSeller157,EU,Low,https://ex.com/img.jpg,2.2,China,7651,High
Electronics Product 159,3273,GovVerifiedSeller158,EU,Low,https://ex.com/img.jpg,1.5,USA,4667,High
Electronics Product 160,1394,GovVerifiedSeller159,EU,Out of Stock,https://ex.com/img.jpg,3.4,USA,4042,Low
Electronics Product 161,2020,GovVerifiedSeller160,USA,Low,https://ex.com/img.jpg,4.6,USA,3140,Medium
Electronics Product 162,266,GovVerifiedSeller161,Asia,High,https://ex.com/img.jpg,2.4,USA,2435,Low
Electronics Product 163,3479,GovVerifiedSeller162,USA,Out of Stock,https://ex.com/img.jpg,3.4,India,6617,High
Electronics Product 164,2878,GovVerifiedSeller163,EU,High,https://ex.com/img.jpg,4.5,India,6640,Low
Electronics Product 165,3749,GovVerifiedSeller164,Asia,High,https://ex.com/img.jpg,3.0,USA,2872,Medium
Electronics Product 166,3075,GovVerifiedSeller165,EU,Low,https://ex.com/img.jpg,2.3,USA,6147,High
Electronics Product 167,1069,GovVerifiedSeller166,Asia,High,https://ex.com/img.jpg,1.9,India,1649,High
Electronics Product 168,638,GovVerifiedSeller167,Asia,High,https://ex.com/img.jpg,3.0,India,3059,Medium
Electronics Product 169,3853,GovVerifiedSeller168,USA,Out of Stock,https://ex.com/img.jpg,1.2,China,1721,High
Electronics Product 170,2569,GovVerifiedSeller169,Asia,High,https://ex.com/img.jpg,3.7,USA,8454,Low
Electronics Product 171,669,GovVerifiedSeller170,EU,High,https://ex.com/img.jpg,1.2,China,3912,High
Electronics Product 172,3428,GovVerifiedSeller171,USA,Out of Stock,https://ex.com/img.jpg,4.2,USA,1992,Low
Electronics Product 173,1763,GovVerifiedSeller172,EU,High,https://ex.com/img.jpg,3.8,USA,7216,Medium
Electronics Product 174,3472,GovVerifiedSeller173,Asia,Low,https://ex.com/img.jpg,2.5,China,3922,High
Electronics Product 175,544,GovVerifiedSeller174,EU,Out of Stock,https://ex.com/img.jpg,1.8,USA,5130,High
Electronics Product 176,2487,GovVerifiedSeller175,EU,High,https://ex.com/img.jpg,2.3,China,5260,High
Electronics Product 177,1340,GovVerifiedSeller176,USA,Low,https://ex.com/img.jpg,4.2,India,3607,Medium
Electronics Product 178,1255,GovVerifiedSeller177,Asia,Low,https://ex.com/img.jpg,3.2,China,9598,Medium
Electronics Product 179,3627,GovVerifiedSeller178,EU,Low,https://ex.com/img.jpg,1.8,India,7663,High
Electronics Product 180,2451,GovVerifiedSeller179,USA,Low,https://ex.com/img.jpg,1.4,China,6738,High
Electronics Product 181,2188,GovVerifiedSeller180,Asia,Out of Stock,https://ex.com/img.jpg,4.1,USA,8245,Low
Electronics Product 182,69,GovVerifiedSeller181,USA,High,https://ex.com/img.jpg,2.3,China,8380,High
Electronics Product 183,2230,GovVerifiedSeller182,Asia,High,https://ex.com/img.jpg,2.2,India,6325,High
Electronics Product 184,4262,GovVerifiedSeller183,USA,High,https://ex.com/img.jpg,1.6,India,7593,High
Electronics Product 185,90,GovVerifiedSeller184,EU,High,https://ex.com/img.jpg,3.9,China,2026,Low
Electronics Product 186,3870,GovVerifiedSeller185,Asia,Out of Stock,https://ex.com/img.jpg,3.2,India,6239,High
Electronics Product 187,4044,GovVerifiedSeller186,EU,Out of Stock,https://ex.com/img.jpg,1.5,India,5130,Low
Electronics Product 188,872,GovVerifiedSeller187,Asia,High,https://ex.com/img.jpg,2.1,USA,213,Low
Electronics Product 189,1599,GovVerifiedSeller188,USA,Low,https://ex.com/img.jpg,4.3,China,8025,High
Electronics Product 190,2069,GovVerifiedSeller189,EU,High,https://ex.com/img.jpg,3.2,India,8476,Low
Electronics Product 191,4311,GovVerifiedSeller190,Asia,Low,https://ex.com/img.jpg,2.4,India,2738,Medium
Electronics Product 192,4083,GovVerifiedSeller191,EU,Out of Stock,https://ex.com/img.jpg,1.3,China,9560,High
Electronics Product 193,3276,GovVerifiedSeller192,EU,High,https://ex.com/img.jpg,1.2,India,4405,Medium
Electronics Product 194,4530,GovVerifiedSeller193,USA,Low,https://ex.com/img.jpg,2.3,India,4065,Medium
Electronics Product 195,881,GovVerifiedSeller194,EU,High,https://ex.com/img.jpg,1.1,USA,3421,Medium
Electronics Product 196,2018,GovVerifiedSeller195,USA,High,https://ex.com/img.jpg,2.8,USA,6387,Medium
Electronics Product 197,3193,GovVerifiedSeller196,USA,Low,https://ex.com/img.jpg,1.4,India,8787,Low
Electronics Product 198,3795,GovVerifiedSeller197,USA,High,https://ex.com/img.jpg,3.7,USA,6939,High
Electronics Product 199,938,GovVerifiedSeller198,USA,Out of Stock,https://ex.com/img.jpg,3.8,China,4704,Medium
Electronics Product 200,2278,GovVerifiedSeller199,USA,Out of Stock,https://ex.com/img.jpg,4.1,China,1873,Low
Electronics Product 201,4307,GovVerifiedSeller200,EU,Out of Stock,https://ex.com/img.jpg,4.0,China,1122,Medium
Electronics Product 202,1402,GovVerifiedSeller201,Asia,Low,https://ex.com/img.jpg,2.1,USA,9788,Medium
Electronics Product 203,4104,GovVerifiedSeller202,USA,High,https://ex.com/img.jpg,1.6,China,4870,High
Electronics Product 204,290,GovVerifiedSeller203,USA,Out of Stock,https://ex.com/img.jpg,2.0,USA,7805,High
Electronics Product 205,3929,GovVerifiedSeller204,Asia,High,https://ex.com/img.jpg,1.6,India,8275,High
Electronics Product 206,714,GovVerifiedSeller205,USA,High,https://ex.com/img.jpg,4.9,China,6072,High
Electronics Product 207,3491,GovVerifiedSeller206,USA,Out of Stock,https://ex.com/img.jpg,4.9,China,1982,High
Electronics Product 208,2974,GovVerifiedSeller207,EU,High,https://ex.com/img.jpg,2.8,India,8989,High
Electronics Product 209,3796,GovVerifiedSeller208,EU,Low,https://ex.com/img.jpg,2.8,USA,1932,Low
Electronics Product 210,1099,GovVerifiedSeller209,EU,High,https://ex.com/img.jpg,3.8,China,5705,Medium
Electronics Product 211,633,GovVerifiedSeller210,USA,Low,https://ex.com/img.jpg,4.9,USA,1503,Low
Electronics Product 212,2580,GovVerifiedSeller211,EU,Low,https://ex.com/img.jpg,2.0,India,3104,Medium
Electronics Product 213,3877,GovVerifiedSeller212,USA,Low,https://ex.com/img.jpg,2.8,USA,4313,High
Electronics Product 214,2582,GovVerifiedSeller213,Asia,High,https://ex.com/img.jpg,2.5,USA,3929,Medium
Electronics Product 215,4056,GovVerifiedSeller214,EU,High,https://ex.com/img.jpg,4.7,China,60,Low
Electronics Product 216,1905,GovVerifiedSeller215,USA,Out of Stock,https://ex.com/img.jpg,2.5,India,4271,Low
Electronics Product 217,1488,GovVerifiedSeller216,Asia,High,https://ex.com/img.jpg,1.1,China,3196,Medium
Electronics Product 218,4998,GovVerifiedSeller217,EU,High,https://ex.com/img.jpg,5.0,India,5650,Medium
Electronics Product 219,2363,GovVerifiedSeller218,EU,Low,https://ex.com/img.jpg,1.5,China,7396,Medium
Electronics Product 220,2376,GovVerifiedSeller219,USA,Out of Stock,https://ex.com/img.jpg,3.6,India,5729,High
Electronics Product 221,2409,GovVerifiedSeller220,Asia,Low,https://ex.com/img.jpg,3.1,China,9417,Medium
Electronics Product 222,4464,GovVerifiedSeller221,EU,Out of Stock,https://ex.com/img.jpg,4.7,India,6927,Medium
Electronics Product 223,1470,GovVerifiedSeller222,EU,Out of Stock,https://ex.com/img.jpg,4.8,India,2620,High
Electronics Product 224,948,GovVerifiedSeller223,EU,Out of Stock,https://ex.com/img.jpg,1.7,India,9213,Low
Electronics Product 225,4617,GovVerifiedSeller224,EU,Low,https://ex.com/img.jpg,2.2,India,2123,High
Electronics Product 226,3246,GovVerifiedSeller225,USA,Out of Stock,https://ex.com/img.jpg,2.8,China,9334,High
Electronics Product 227,1996,GovVerifiedSeller226,Asia,Out of Stock,https://ex.com/img.jpg,1.1,India,3787,Medium
Electronics Product 228,690,GovVerifiedSeller227,EU,Out of Stock,https://ex.com/img.jpg,4.6,USA,3903,High
Electronics Product 229,3883,GovVerifiedSeller228,Asia,Low,https://ex.com/img.jpg,1.9,India,5393,Low
Electronics Product 230,4475,GovVerifiedSeller229,EU,High,https://ex.com/img.jpg,3.0,India,2231,Low
Electronics Product 231,4217,GovVerifiedSeller230,Asia,Out of Stock,https://ex.com/img.jpg,3.6,India,6739,Low
Electronics Product 232,2518,GovVerifiedSeller231,USA,High,https://ex.com/img.jpg,1.3,India,9725,Low
Electronics Product 233,887,GovVerifiedSeller232,Asia,High,https://ex.com/img.jpg,4.6,China,5006,Low
Electronics Product 234,766,GovVerifiedSeller233,Asia,Out of Stock,https://ex.com/img.jpg,2.1,China,9087,Low
Electronics Product 235,4955,GovVerifiedSeller234,EU,High,https://ex.com/img.jpg,3.3,India,35,High
Electronics Product 236,811,GovVerifiedSeller235,EU,Low,https://ex.com/img.jpg,3.0,China,5083,Low
Electronics Product 237,239,GovVerifiedSeller236,USA,Low,https://ex.com/img.jpg,2.3,USA,7070,Medium
Electronics Product 238,646,GovVerifiedSeller237,Asia,Out of Stock,https://ex.com/img.jpg,4.0,USA,7885,Medium
Electronics Product 239,4566,GovVerifiedSeller238,EU,Low,https://ex.com/img.jpg,4.6,India,7289,Medium
Electronics Product 240,226,GovVerifiedSeller239,EU,Out of Stock,https://ex.com/img.jpg,1.2,China,9540,Low
Electronics Product 241,3280,GovVerifiedSeller240,EU,Low,https://ex.com/img.jpg,2.7,India,9819,High
Electronics Product 242,672,GovVerifiedSeller241,USA,Low,https://ex.com/img.jpg,2.2,USA,5502,High
Electronics Product 243,3353,GovVerifiedSeller242,USA,Out of Stock,https://ex.com/img.jpg,4.4,USA,3147,High
Electronics Product 244,3698,GovVerifiedSeller243,USA,Out of Stock,https://ex.com/img.jpg,4.2,China,9385,Medium
Electronics Product 245,835,GovVerifiedSeller244,Asia,Low,https://ex.com/img.jpg,4.6,India,9356,High
Electronics Product 246,3608,GovVerifiedSeller245,Asia,High,https://ex.com/img.jpg,1.9,USA,209,Low
Electronics Product 247,2179,GovVerifiedSeller246,EU,Out of Stock,https://ex.com/img.jpg,3.4,China,2235,Low
Electronics Product 248,1573,GovVerifiedSeller247,Asia,High,https://ex.com/img.jpg,4.2,India,5035,Low
Electronics Product 249,504,GovVerifiedSeller248,EU,Low,https://ex.com/img.jpg,3.6,India,4580,Low
Electronics Product 250,638,GovVerifiedSeller249,Asia,Out of Stock,https://ex.com/img.jpg,1.6,China,6781,Low
Electronics Product 251,1486,GovVerifiedSeller250,EU,High,https://ex.com/img.jpg,4.5,USA,8883,Medium
Electronics Product 252,3059,GovVerifiedSeller251,USA,Low,https://ex.com/img.jpg,3.7,USA,5602,Low
Electronics Product 253,4455,GovVerifiedSeller252,Asia,Out of Stock,https://ex.com/img.jpg,1.1,India,4443,Low
Electronics Product 254,4101,GovVerifiedSeller253,EU,Low,https://ex.com/img.jpg,1.4,USA,4142,Medium
Electronics Product 255,83,GovVerifiedSeller254,USA,Out of Stock,https://ex.com/img.jpg,1.3,India,9046,Medium
Electronics Product 256,2443,GovVerifiedSeller255,Asia,High,https://ex.com/img.jpg,4.8,India,7437,High
Electronics Product 257,3188,GovVerifiedSeller256,EU,Low,https://ex.com/img.jpg,1.2,China,3114,Medium
Electronics Product 258,2186,GovVerifiedSeller257,USA,High,https://ex.com/img.jpg,2.6,India,7159,Low
Electronics Product 259,486,GovVerifiedSeller258,EU,Low,https://ex.com/img.jpg,4.1,China,421,Low
Electronics Product 260,1667,GovVerifiedSeller259,USA,Low,https://ex.com/img.jpg,1.3,USA,9088,Low
Electronics Product 261,277,GovVerifiedSeller260,EU,High,https://ex.com/img.jpg,1.2,USA,5374,Low
Electronics Product 262,1458,GovVerifiedSeller261,USA,High,https://ex.com/img.jpg,1.5,China,5438,Medium
Electronics Product 263,2221,GovVerifiedSeller262,Asia,Low,https://ex.com/img.jpg,1.1,India,2145,Low
Electronics Product 264,1773,GovVerifiedSeller263,EU,High,https://ex.com/img.jpg,4.6,China,3305,Low
Electronics Product 265,977,GovVerifiedSeller264,USA,Low,https://ex.com/img.jpg,3.0,USA,5104,High
Electronics Product 266,4538,GovVerifiedSeller265,Asia,Out of Stock,https://ex.com/img.jpg,2.5,India,3108,High
Electronics Product 267,4766,GovVerifiedSeller266,USA,Low,https://ex.com/img.jpg,3.6,India,5814,High
Electronics Product 268,1768,GovVerifiedSeller267,Asia,Out of Stock,https://ex.com/img.jpg,2.2,India,2362,Medium
Electronics Product 269,697,GovVerifiedSeller268,Asia,Out of Stock,https://ex.com/img.jpg,1.7,China,7128,Low
Electronics Product 270,4060,GovVerifiedSeller269,USA,Low,https://ex.com/img.jpg,4.2,USA,5934,High
Electronics Product 271,4131,GovVerifiedSeller270,EU,Out of Stock,https://ex.com/img.jpg,4.1,India,5569,Low
Electronics Product 272,2702,GovVerifiedSeller271,USA,Low,https://ex.com/img.jpg,3.7,India,8763,High
Electronics Product 273,3127,GovVerifiedSeller272,USA,Low,https://ex.com/img.jpg,4.1,USA,7721,Low
Electronics Product 274,3979,GovVerifiedSeller273,EU,Low,https://ex.com/img.jpg,1.5,China,868,Medium
Electronics Product 275,1499,GovVerifiedSeller274,Asia,High,https://ex.com/img.jpg,5.0,China,8830,Low
Electronics Product 276,4425,GovVerifiedSeller275,Asia,High,https://ex.com/img.jpg,3.5,India,9460,High
Electronics Product 277,145,GovVerifiedSeller276,EU,High,https://ex.com/img.jpg,4.3,India,4772,High
Electronics Product 278,1653,GovVerifiedSeller277,USA,Out of Stock,https://ex.com/img.jpg,3.6,India,202,Medium
Electronics Product 279,3482,GovVerifiedSeller278,Asia,Low,https://ex.com/img.jpg,4.9,India,9677,Low
Electronics Product 280,1242,GovVerifiedSeller279,USA,High,https://ex.com/img.jpg,1.2,China,4715,High
Electronics Product 281,293,GovVerifiedSeller280,USA,Out of Stock,https://ex.com/img.jpg,4.5,USA,33,Medium
Electronics Product 282,4855,GovVerifiedSeller281,USA,High,https://ex.com/img.jpg,4.1,USA,2411,Medium
Electronics Product 283,3859,GovVerifiedSeller282,Asia,Out of Stock,https://ex.com/img.jpg,2.0,India,4171,Medium
Electronics Product 284,2178,GovVerifiedSeller283,EU,High,https://ex.com/img.jpg,1.9,USA,3784,High
Electronics Product 285,4359,GovVerifiedSeller284,Asia,Out of Stock,https://ex.com/img.jpg,1.6,India,2490,Low
Electronics Product 286,3859,GovVerifiedSeller285,USA,Out of Stock,https://ex.com/img.jpg,3.4,USA,18,High
Electronics Product 287,408,GovVerifiedSeller286,Asia,High,https://ex.com/img.jpg,1.1,USA,6150,High
Electronics Product 288,2858,GovVerifiedSeller287,Asia,Out of Stock,https://ex.com/img.jpg,3.6,India,9347,Low
Electronics Product 289,2703,GovVerifiedSeller288,USA,High,https://ex.com/img.jpg,1.1,USA,4936,High
Electronics Product 290,377,GovVerifiedSeller289,USA,High,https://ex.com/img.jpg,4.6,India,4253,High
Electronics Product 291,1049,GovVerifiedSeller290,Asia,Low,https://ex.com/img.jpg,3.9,China,6955,Medium
Electronics Product 292,1425,GovVerifiedSeller291,EU,Low,https://ex.com/img.jpg,1.8,USA,6581,Low
Electronics Product 293,2451,GovVerifiedSeller292,Asia,Low,https://ex.com/img.jpg,1.8,China,8950,Low
Electronics Product 294,601,GovVerifiedSeller293,USA,Low,https://ex.com/img.jpg,2.6,China,4407,Low
Electronics Product 295,1660,GovVerifiedSeller294,USA,Low,https://ex.com/img.jpg,2.1,India,9163,Medium
Electronics Product 296,2765,GovVerifiedSeller295,EU,High,https://ex.com/img.jpg,3.9,China,1981,Low
Electronics Product 297,969,GovVerifiedSeller296,Asia,Out of Stock,https://ex.com/img.jpg,4.9,USA,1783,Low
Electronics Product 298,2220,GovVerifiedSeller297,USA,Low,https://ex.com/img.jpg,4.8,China,6295,High
Electronics Product 299,892,GovVerifiedSeller298,Asia,Out of Stock,https://ex.com/img.jpg,4.0,USA,4607,Medium
Electronics Product 300,3979,GovVerifiedSeller299,Asia,Low,https://ex.com/img.jpg,1.9,China,8080,High
Electronics Product 301,4829,GovVerifiedSeller300,Asia,Low,https://ex.com/img.jpg,2.4,India,6580,Medium
Electronics Product 302,3613,GovVerifiedSeller301,USA,Low,https://ex.com/img.jpg,1.4,India,3045,Medium
Electronics Product 303,902,GovVerifiedSeller302,Asia,Out of Stock,https://ex.com/img.jpg,1.9,USA,4979,Low
Electronics Product 304,2425,GovVerifiedSeller303,USA,Out of Stock,https://ex.com/img.jpg,4.9,India,5007,Low
Electronics Product 305,686,GovVerifiedSeller304,USA,Low,https://ex.com/img.jpg,4.1,China,3456,Low
Electronics Product 306,255,GovVerifiedSeller305,EU,Low,https://ex.com/img.jpg,2.8,USA,3964,Low
Electronics Product 307,1042,GovVerifiedSeller306,Asia,Out of Stock,https://ex.com/img.jpg,1.9,China,4200,Medium
Electronics Product 308,460,GovVerifiedSeller307,EU,High,https://ex.com/img.jpg,2.5,India,8489,Medium
Electronics Product 309,4871,GovVerifiedSeller308,EU,Low,https://ex.com/img.jpg,2.5,China,6190,Medium
Electronics Product 310,1562,GovVerifiedSeller309,Asia,Out of Stock,https://ex.com/img.jpg,2.2,China,4554,High
Electronics Product 311,3224,GovVerifiedSeller310,Asia,High,https://ex.com/img.jpg,1.5,USA,1718,Medium
Electronics Product 312,3901,GovVerifiedSeller311,Asia,Low,https://ex.com/img.jpg,2.8,India,3129,Medium
Electronics Product 313,548,GovVerifiedSeller312,Asia,Out of Stock,https://ex.com/img.jpg,2.3,India,7616,Medium
Electronics Product 314,3708,GovVerifiedSeller313,Asia,Low,https://ex.com/img.jpg,3.7,China,1444,Low
Electronics Product 315,1867,GovVerifiedSeller314,Asia,Low,https://ex.com/img.jpg,2.5,India,4148,Medium
Electronics Product 316,1336,GovVerifiedSeller315,Asia,High,https://ex.com/img.jpg,4.4,India,436,Medium
Electronics Product 317,697,GovVerifiedSeller316,USA,High,https://ex.com/img.jpg,1.9,USA,9438,Medium
Electronics Product 318,290,GovVerifiedSeller317,USA,Out of Stock,https://ex.com/img.jpg,1.4,USA,3053,Medium
Electronics Product 319,2480,GovVerifiedSeller318,USA,Low,https://ex.com/img.jpg,2.5,China,2582,Medium
Electronics Product 320,2878,GovVerifiedSeller319,Asia,High,https://ex.com/img.jpg,3.3,India,9685,Low
Electronics Product 321,3312,GovVerifiedSeller320,Asia,High,https://ex.com/img.jpg,3.7,India,245,Low
Electronics Product 322,872,GovVerifiedSeller321,USA,Out of Stock,https://ex.com/img.jpg,4.7,China,5658,Medium
Electronics Product 323,3631,GovVerifiedSeller322,Asia,Out of Stock,https://ex.com/img.jpg,2.9,China,4286,Low
Electronics Product 324,3918,GovVerifiedSeller323,USA,Out of Stock,https://ex.com/img.jpg,4.1,USA,8939,High
Electronics Product 325,2342,GovVerifiedSeller324,USA,High,https://ex.com/img.jpg,2.8,USA,4974,Medium
Electronics Product 326,3094,GovVerifiedSeller325,Asia,Low,https://ex.com/img.jpg,3.3,China,9985,Medium
Electronics Product 327,281,GovVerifiedSeller326,Asia,High,https://ex.com/img.jpg,3.6,India,255,Low
Electronics Product 328,3418,GovVerifiedSeller327,EU,High,https://ex.com/img.jpg,1.6,India,4883,Low
Electronics Product 329,3627,GovVerifiedSeller328,USA,Low,https://ex.com/img.jpg,4.5,China,3437,High
Electronics Product 330,1837,GovVerifiedSeller329,EU,High,https://ex.com/img.jpg,2.4,India,2588,Low
Electronics Product 331,2310,GovVerifiedSeller330,USA,Out of Stock,https://ex.com/img.jpg,1.0,India,7752,High
Electronics Product 332,4489,GovVerifiedSeller331,EU,Low,https://ex.com/img.jpg,3.9,USA,9837,Medium
Electronics Product 333,1678,GovVerifiedSeller332,USA,Out of Stock,https://ex.com/img.jpg,2.8,USA,9085,Low
Electronics Product 334,2961,GovVerifiedSeller333,EU,Low,https://ex.com/img.jpg,4.8,India,9342,Medium
Electronics Product 335,4307,GovVerifiedSeller334,Asia,High,https://ex.com/img.jpg,4.3,China,3896,High
Electronics Product 336,2175,GovVerifiedSeller335,EU,Out of Stock,https://ex.com/img.jpg,1.2,India,8038,Low
Electronics Product 337,3608,GovVerifiedSeller336,EU,Out of Stock,https://ex.com/img.jpg,4.0,USA,9375,Medium
Electronics Product 338,2436,GovVerifiedSeller337,USA,Low,https://ex.com/img.jpg,4.8,USA,1797,High
Electronics Product 339,858,GovVerifiedSeller338,EU,High,https://ex.com/img.jpg,1.2,USA,8608,High
Electronics Product 340,2944,GovVerifiedSeller339,USA,High,https://ex.com/img.jpg,3.5,China,5990,Low
Electronics Product 341,3931,GovVerifiedSeller340,Asia,Out of Stock,https://ex.com/img.jpg,2.0,China,9933,High
Electronics Product 342,4307,GovVerifiedSeller341,Asia,Out of Stock,https://ex.com/img.jpg,2.7,India,7347,High
Electronics Product 343,2099,GovVerifiedSeller342,Asia,Out of Stock,https://ex.com/img.jpg,3.4,India,1485,Medium
Electronics Product 344,4365,GovVerifiedSeller343,Asia,High,https://ex.com/img.jpg,1.6,China,3430,High
Electronics Product 345,187,GovVerifiedSeller344,EU,Out of Stock,https://ex.com/img.jpg,4.9,China,5278,High
Electronics Product 346,2127,GovVerifiedSeller345,EU,Out of Stock,https://ex.com/img.jpg,3.8,China,8440,Low
Electronics Product 347,1068,GovVerifiedSeller346,Asia,Out of Stock,https://ex.com/img.jpg,3.3,USA,1789,High
Electronics Product 348,2116,GovVerifiedSeller347,EU,High,https://ex.com/img.jpg,1.2,USA,465,Medium
Electronics Product 349,489,GovVerifiedSeller348,EU,Out of Stock,https://ex.com/img.jpg,1.8,India,9112,High
Electronics Product 350,3345,GovVerifiedSeller349,USA,Low,https://ex.com/img.jpg,2.7,India,8918,Medium
Electronics Product 351,1098,GovVerifiedSeller350,EU,Low,https://ex.com/img.jpg,4.8,China,9776,High
Electronics Product 352,4421,GovVerifiedSeller351,Asia,Low,https://ex.com/img.jpg,2.6,India,8575,High
Electronics Product 353,4253,GovVerifiedSeller352,EU,High,https://ex.com/img.jpg,1.9,India,5585,Low
Electronics Product 354,4219,GovVerifiedSeller353,Asia,Low,https://ex.com/img.jpg,2.8,China,9786,Low
Electronics Product 355,1855,GovVerifiedSeller354,USA,Out of Stock,https://ex.com/img.jpg,1.2,USA,8224,High
Electronics Product 356,4714,GovVerifiedSeller355,Asia,Low,https://ex.com/img.jpg,4.5,China,2856,Medium
Electronics Product 357,4711,GovVerifiedSeller356,USA,Out of Stock,https://ex.com/img.jpg,1.5,USA,6514,High
Electronics Product 358,310,GovVerifiedSeller357,EU,High,https://ex.com/img.jpg,1.5,USA,4120,Low
Electronics Product 359,2464,GovVerifiedSeller358,Asia,High,https://ex.com/img.jpg,1.9,USA,2184,High
Electronics Product 360,1606,GovVerifiedSeller359,USA,Low,https://ex.com/img.jpg,1.2,China,9364,Low
Electronics Product 361,1907,GovVerifiedSeller360,EU,High,https://ex.com/img.jpg,1.5,China,2204,Low
Electronics Product 362,3483,GovVerifiedSeller361,USA,Low,https://ex.com/img.jpg,3.4,China,5333,Low
Electronics Product 363,611,GovVerifiedSeller362,USA,Low,https://ex.com/img.jpg,3.3,China,96,Low
Electronics Product 364,2632,GovVerifiedSeller363,EU,High,https://ex.com/img.jpg,4.7,India,761,Low
Electronics Product 365,4045,GovVerifiedSeller364,EU,Low,https://ex.com/img.jpg,1.7,China,5401,High
Electronics Product 366,1430,GovVerifiedSeller365,EU,High,https://ex.com/img.jpg,3.5,China,1485,High
Electronics Product 367,2040,GovVerifiedSeller366,EU,Out of Stock,https://ex.com/img.jpg,1.6,India,1573,Low
Electronics Product 368,1985,GovVerifiedSeller367,USA,High,https://ex.com/img.jpg,4.2,USA,1548,Medium
Electronics Product 369,3611,GovVerifiedSeller368,EU,Low,https://ex.com/img.jpg,1.1,India,9816,Low
Electronics Product 370,2339,GovVerifiedSeller369,EU,Out of Stock,https://ex.com/img.jpg,1.3,India,8643,Medium
Electronics Product 371,1789,GovVerifiedSeller370,USA,Out of Stock,https://ex.com/img.jpg,3.6,USA,5528,Low
Electronics Product 372,3278,GovVerifiedSeller371,EU,Out of Stock,https://ex.com/img.jpg,4.2,India,3845,Medium
Electronics Product 373,4046,GovVerifiedSeller372,Asia,High,https://ex.com/img.jpg,4.9,USA,6105,Medium
Electronics Product 374,4494,GovVerifiedSeller373,Asia,High,https://ex.com/img.jpg,1.3,China,9597,Medium
Electronics Product 375,4714,GovVerifiedSeller374,Asia,Low,https://ex.com/img.jpg,4.6,China,4507,Low
Electronics Product 376,4988,GovVerifiedSeller375,Asia,Low,https://ex.com/img.jpg,1.3,China,3245,High
Electronics Product 377,1724,GovVerifiedSeller376,USA,Low,https://ex.com/img.jpg,4.1,China,5477,Low
Electronics Product 378,2023,GovVerifiedSeller377,Asia,Out of Stock,https://ex.com/img.jpg,4.6,USA,5683,Medium
Electronics Product 379,1965,GovVerifiedSeller378,Asia,Low,https://ex.com/img.jpg,3.5,China,7208,Low
Electronics Product 380,1593,GovVerifiedSeller379,USA,Low,https://ex.com/img.jpg,2.3,USA,8635,Medium
Electronics Product 381,2980,GovVerifiedSeller380,USA,High,https://ex.com/img.jpg,2.3,China,5730,Medium
Electronics Product 382,3633,GovVerifiedSeller381,Asia,Out of Stock,https://ex.com/img.jpg,2.3,USA,8132,Low
Electronics Product 383,3540,GovVerifiedSeller382,Asia,High,https://ex.com/img.jpg,1.1,China,5929,Medium
Electronics Product 384,1527,GovVerifiedSeller383,Asia,Out of Stock,https://ex.com/img.jpg,4.5,USA,8598,High
Electronics Product 385,969,GovVerifiedSeller384,Asia,Low,https://ex.com/img.jpg,1.7,India,4898,Medium
Electronics Product 386,1404,GovVerifiedSeller385,Asia,Low,https://ex.com/img.jpg,2.7,USA,2454,High
Electronics Product 387,1976,GovVerifiedSeller386,Asia,Out of Stock,https://ex.com/img.jpg,3.0,USA,1924,High
Electronics Product 388,1605,GovVerifiedSeller387,USA,Low,https://ex.com/img.jpg,3.6,India,8903,High
Electronics Product 389,2418,GovVerifiedSeller388,EU,High,https://ex.com/img.jpg,3.7,India,8529,Medium
Electronics Product 390,2237,GovVerifiedSeller389,EU,Out of Stock,https://ex.com/img.jpg,2.8,China,5791,Medium
Electronics Product 391,4726,GovVerifiedSeller390,Asia,Out of Stock,https://ex.com/img.jpg,4.2,India,7555,Medium
Electronics Product 392,4368,GovVerifiedSeller391,USA,Out of Stock,https://ex.com/img.jpg,2.0,USA,2504,Low
Electronics Product 393,4689,GovVerifiedSeller392,Asia,High,https://ex.com/img.jpg,4.0,USA,7791,High
Electronics Product 394,4957,GovVerifiedSeller393,EU,High,https://ex.com/img.jpg,3.2,China,8188,High
Electronics Product 395,3293,GovVerifiedSeller394,USA,High,https://ex.com/img.jpg,2.0,China,789,Medium
Electronics Product 396,4394,GovVerifiedSeller395,EU,High,https://ex.com/img.jpg,4.3,China,1605,Low
Electronics Product 397,365,GovVerifiedSeller396,Asia,Out of Stock,https://ex.com/img.jpg,2.7,USA,7108,Low
Electronics Product 398,4078,GovVerifiedSeller397,EU,Out of Stock,https://ex.com/img.jpg,4.9,USA,2615,High
Electronics Product 399,4372,GovVerifiedSeller398,USA,High,https://ex.com/img.jpg,2.8,China,9594,High
Electronics Product 400,2717,GovVerifiedSeller399,EU,Low,https://ex.com/img.jpg,1.6,China,4346,Medium
Electronics Product 401,500,GovVerifiedSeller400,USA,Out of Stock,https://ex.com/img.jpg,4.5,USA,4970,High
Electronics Product 402,113,GovVerifiedSeller401,EU,High,https://ex.com/img.jpg,2.1,USA,7602,High
Electronics Product 403,4760,GovVerifiedSeller402,EU,Low,https://ex.com/img.jpg,2.2,USA,1395,High
Electronics Product 404,2328,GovVerifiedSeller403,Asia,Low,https://ex.com/img.jpg,2.4,China,8603,Medium
Electronics Product 405,3243,GovVerifiedSeller404,USA,High,https://ex.com/img.jpg,4.6,USA,264,Low
Electronics Product 406,1431,GovVerifiedSeller405,Asia,Out of Stock,https://ex.com/img.jpg,2.1,USA,5844,Medium
Electronics Product 407,2025,GovVerifiedSeller406,Asia,Out of Stock,https://ex.com/img.jpg,2.1,USA,9630,High
Electronics Product 408,2400,GovVerifiedSeller407,Asia,Low,https://ex.com/img.jpg,3.8,India,2944,High
Electronics Product 409,4014,GovVerifiedSeller408,EU,Out of Stock,https://ex.com/img.jpg,1.6,India,2304,Medium
Electronics Product 410,3830,GovVerifiedSeller409,Asia,Low,https://ex.com/img.jpg,2.6,USA,5108,Medium
Electronics Product 411,1138,GovVerifiedSeller410,Asia,Out of Stock,https://ex.com/img.jpg,3.5,India,2612,Low
Electronics Product 412,2496,GovVerifiedSeller411,Asia,Out of Stock,https://ex.com/img.jpg,2.9,USA,7750,Medium
Electronics Product 413,1371,GovVerifiedSeller412,Asia,Low,https://ex.com/img.jpg,4.5,India,9848,Medium
Electronics Product 414,4398,GovVerifiedSeller413,EU,High,https://ex.com/img.jpg,2.5,India,7028,Medium
Electronics Product 415,2949,GovVerifiedSeller414,Asia,Low,https://ex.com/img.jpg,3.6,China,5311,Low
Electronics Product 416,1446,GovVerifiedSeller415,EU,Out of Stock,https://ex.com/img.jpg,3.3,USA,6414,High
Electronics Product 417,1645,GovVerifiedSeller416,EU,Low,https://ex.com/img.jpg,3.6,USA,1366,High
Electronics Product 418,233,GovVerifiedSeller417,Asia,Out of Stock,https://ex.com/img.jpg,2.8,India,881,High
Electronics Product 419,4184,GovVerifiedSeller418,USA,Out of Stock,https://ex.com/img.jpg,1.7,China,5334,High
Electronics Product 420,2272,GovVerifiedSeller419,USA,Low,https://ex.com/img.jpg,3.6,India,9518,High
Electronics Product 421,2171,GovVerifiedSeller420,USA,Low,https://ex.com/img.jpg,4.8,USA,3658,Medium
Electronics Product 422,3259,GovVerifiedSeller421,Asia,High,https://ex.com/img.jpg,1.2,China,8572,Low
Electronics Product 423,716,GovVerifiedSeller422,Asia,Low,https://ex.com/img.jpg,4.6,USA,3578,Medium
Electronics Product 424,471,GovVerifiedSeller423,Asia,High,https://ex.com/img.jpg,1.9,China,8101,Medium
Electronics Product 425,1147,GovVerifiedSeller424,Asia,Low,https://ex.com/img.jpg,2.2,USA,3806,High
Electronics Product 426,2723,GovVerifiedSeller425,EU,Out of Stock,https://ex.com/img.jpg,1.2,USA,6393,Low
Electronics Product 427,3879,GovVerifiedSeller426,EU,Out of Stock,https://ex.com/img.jpg,2.9,China,9262,Medium
Electronics Product 428,2211,GovVerifiedSeller427,USA,High,https://ex.com/img.jpg,3.1,India,1834,Low
Electronics Product 429,1209,GovVerifiedSeller428,EU,Out of Stock,https://ex.com/img.jpg,4.6,India,1684,Medium
Electronics Product 430,3646,GovVerifiedSeller429,USA,High,https://ex.com/img.jpg,3.0,USA,7744,High
Electronics Product 431,2791,GovVerifiedSeller430,USA,High,https://ex.com/img.jpg,3.8,China,573,Medium
Electronics Product 432,1206,GovVerifiedSeller431,Asia,High,https://ex.com/img.jpg,3.6,China,2047,Low
Electronics Product 433,934,GovVerifiedSeller432,Asia,High,https://ex.com/img.jpg,3.9,USA,8786,Low
Electronics Product 434,3634,GovVerifiedSeller433,USA,High,https://ex.com/img.jpg,3.9,India,6701,Low
Electronics Product 435,476,GovVerifiedSeller434,Asia,Out of Stock,https://ex.com/img.jpg,3.7,India,8525,Low
Electronics Product 436,4982,GovVerifiedSeller435,EU,High,https://ex.com/img.jpg,2.1,China,1693,Low
Electronics Product 437,3191,GovVerifiedSeller436,Asia,High,https://ex.com/img.jpg,5.0,India,5235,Medium
Electronics Product 438,3626,GovVerifiedSeller437,USA,Out of Stock,https://ex.com/img.jpg,2.3,USA,1429,High
Electronics Product 439,1950,GovVerifiedSeller438,Asia,Low,https://ex.com/img.jpg,1.6,USA,1368,Medium
Electronics Product 440,73,GovVerifiedSeller439,EU,Low,https://ex.com/img.jpg,2.3,India,4541,High
Electronics Product 441,1905,GovVerifiedSeller440,Asia,High,https://ex.com/img.jpg,4.9,India,212,Low
Electronics Product 442,2508,GovVerifiedSeller441,Asia,Low,https://ex.com/img.jpg,2.4,USA,1087,Low
Electronics Product 443,358,GovVerifiedSeller442,EU,Low,https://ex.com/img.jpg,4.7,India,7775,High
Electronics Product 444,4889,GovVerifiedSeller443,USA,Out of Stock,https://ex.com/img.jpg,3.7,USA,5753,High
Electronics Product 445,118,GovVerifiedSeller444,EU,High,https://ex.com/img.jpg,1.3,China,6573,Low
Electronics Product 446,1533,GovVerifiedSeller445,EU,High,https://ex.com/img.jpg,3.3,USA,568,Low
Electronics Product 447,2252,GovVerifiedSeller446,EU,High,https://ex.com/img.jpg,4.8,India,960,High
Electronics Product 448,3225,GovVerifiedSeller447,EU,High,https://ex.com/img.jpg,4.6,China,6578,Low
Electronics Product 449,3458,GovVerifiedSeller448,EU,Low,https://ex.com/img.jpg,5.0,USA,1895,Low
Electronics Product 450,4699,GovVerifiedSeller449,EU,Low,https://ex.com/img.jpg,2.0,China,224,High
Electronics Product 451,3642,GovVerifiedSeller450,Asia,Out of Stock,https://ex.com/img.jpg,2.5,China,2504,High
Electronics Product 452,1587,GovVerifiedSeller451,Asia,High,https://ex.com/img.jpg,1.3,USA,6572,Low
Electronics Product 453,2708,GovVerifiedSeller452,USA,Out of Stock,https://ex.com/img.jpg,3.4,India,4878,Low
Electronics Product 454,133,GovVerifiedSeller453,Asia,Low,https://ex.com/img.jpg,4.9,China,3497,Medium
Electronics Product 455,3721,GovVerifiedSeller454,Asia,Low,https://ex.com/img.jpg,4.9,India,4696,High
Electronics Product 456,3882,GovVerifiedSeller455,Asia,Out of Stock,https://ex.com/img.jpg,3.2,China,9371,Medium
Electronics Product 457,1503,GovVerifiedSeller456,EU,Low,https://ex.com/img.jpg,2.1,India,6889,High
Electronics Product 458,669,GovVerifiedSeller457,USA,Low,https://ex.com/img.jpg,4.1,China,4242,High
Electronics Product 459,4513,GovVerifiedSeller458,EU,Low,https://ex.com/img.jpg,2.5,China,9661,Medium
Electronics Product 460,3347,GovVerifiedSeller459,Asia,Low,https://ex.com/img.jpg,1.6,China,7876,High
Electronics Product 461,3261,GovVerifiedSeller460,USA,Out of Stock,https://ex.com/img.jpg,3.2,USA,1024,High
Electronics Product 462,1349,GovVerifiedSeller461,EU,High,https://ex.com/img.jpg,3.7,China,5954,High
Electronics Product 463,3243,GovVerifiedSeller462,USA,Out of Stock,https://ex.com/img.jpg,1.5,China,9813,High
Electronics Product 464,4343,GovVerifiedSeller463,USA,High,https://ex.com/img.jpg,4.6,China,6078,Low
Electronics Product 465,2786,GovVerifiedSeller464,USA,Low,https://ex.com/img.jpg,1.5,China,5397,High
Electronics Product 466,295,GovVerifiedSeller465,Asia,Out of Stock,https://ex.com/img.jpg,1.2,India,44,Low
Electronics Product 467,3128,GovVerifiedSeller466,USA,Out of Stock,https://ex.com/img.jpg,3.1,China,4887,High
Electronics Product 468,1982,GovVerifiedSeller467,EU,Low,https://ex.com/img.jpg,2.6,China,4224,High
Electronics Product 469,3187,GovVerifiedSeller468,USA,High,https://ex.com/img.jpg,3.0,USA,2572,Low
Electronics Product 470,4706,GovVerifiedSeller469,USA,Low,https://ex.com/img.jpg,2.9,India,5400,High
Electronics Product 471,2053,GovVerifiedSeller470,Asia,Out of Stock,https://ex.com/img.jpg,3.0,USA,4504,Medium
Electronics Product 472,3480,GovVerifiedSeller471,Asia,Out of Stock,https://ex.com/img.jpg,3.1,USA,9601,Low
Electronics Product 473,1877,GovVerifiedSeller472,EU,Low,https://ex.com/img.jpg,1.3,India,2349,High
Electronics Product 474,1100,GovVerifiedSeller473,USA,Low,https://ex.com/img.jpg,2.8,India,41,High
Electronics Product 475,4464,GovVerifiedSeller474,EU,High,https://ex.com/img.jpg,2.3,China,6055,High
Electronics Product 476,239,GovVerifiedSeller475,EU,High,https://ex.com/img.jpg,3.2,USA,809,Low
Electronics Product 477,1710,GovVerifiedSeller476,USA,High,https://ex.com/img.jpg,2.3,China,219,High
Electronics Product 478,3883,GovVerifiedSeller477,USA,Out of Stock,https://ex.com/img.jpg,4.3,China,8751,High
Electronics Product 479,2802,GovVerifiedSeller478,USA,Low,https://ex.com/img.jpg,3.7,India,2929,Medium
Electronics Product 480,2913,GovVerifiedSeller479,USA,Out of Stock,https://ex.com/img.jpg,4.5,India,1768,High
Electronics Product 481,1286,GovVerifiedSeller480,EU,Low,https://ex.com/img.jpg,4.2,USA,5702,Low
Electronics Product 482,2545,GovVerifiedSeller481,USA,High,https://ex.com/img.jpg,4.0,India,9153,High
Electronics Product 483,2385,GovVerifiedSeller482,EU,Low,https://ex.com/img.jpg,1.1,China,7734,Medium
Electronics Product 484,2974,GovVerifiedSeller483,EU,High,https://ex.com/img.jpg,3.9,China,6992,Low
Electronics Product 485,2404,GovVerifiedSeller484,EU,High,https://ex.com/img.jpg,1.3,India,4237,Medium
Electronics Product 486,3159,GovVerifiedSeller485,Asia,Out of Stock,https://ex.com/img.jpg,2.6,India,4045,High
Electronics Product 487,3563,GovVerifiedSeller486,EU,Low,https://ex.com/img.jpg,4.7,India,4377,High
Electronics Product 488,2759,GovVerifiedSeller487,EU,High,https://ex.com/img.jpg,3.1,USA,285,High
Electronics Product 489,227,GovVerifiedSeller488,USA,Out of Stock,https://ex.com/img.jpg,1.2,China,6740,Medium
Electronics Product 490,4965,GovVerifiedSeller489,EU,High,https://ex.com/img.jpg,1.2,India,9796,High
Electronics Product 491,2684,GovVerifiedSeller490,Asia,Out of Stock,https://ex.com/img.jpg,1.4,India,2736,High
Electronics Product 492,3332,GovVerifiedSeller491,USA,Out of Stock,https://ex.com/img.jpg,4.0,USA,3149,Low
Electronics Product 493,4277,GovVerifiedSeller492,EU,Out of Stock,https://ex.com/img.jpg,2.7,China,7980,Low
Electronics Product 494,3162,GovVerifiedSeller493,Asia,High,https://ex.com/img.jpg,4.5,USA,4984,Medium
Electronics Product 495,3498,GovVerifiedSeller494,USA,Out of Stock,https://ex.com/img.jpg,4.1,USA,716,Medium
Electronics Product 496,1273,GovVerifiedSeller495,USA,Out of Stock,https://ex.com/img.jpg,3.1,India,304,High
Electronics Product 497,844,GovVerifiedSeller496,Asia,Out of Stock,https://ex.com/img.jpg,2.3,India,6845,Low
Electronics Product 498,2294,GovVerifiedSeller497,Asia,Out of Stock,https://ex.com/img.jpg,2.1,China,9063,Low
Electronics Product 499,4269,GovVerifiedSeller498,EU,High,https://ex.com/img.jpg,5.0,India,5329,High
Electronics Product 500,2694,GovVerifiedSeller499,Asia,Out of Stock,https://ex.com/img.jpg,4.3,India,6917,Medium
